source_query,name,email,phone,website,rating,address
roofing contractors in Dallas with emails,T Rock Roofing & Contracting,info@dallasroofer.com,+1 469-931-9867,https://www.dallasroofer.com/,4.9,"9330 Lyndon B Johnson Fwy #900, Dallas, TX 75243, United States"
roofing contractors in Dallas with emails,New View Roofing,info@newviewroofing.com,+1 469-966-1196,https://newviewroofing.com/?utm_source=google&utm_medium=organic&utm_campaign=gmb,4.9,"4722 Gaston Ave, Dallas, TX 75246, United States"
roofing contractors in Dallas with emails,Arrington Roofing,info@arringtonroofing.com,+1 214-774-1972,https://arringtonroofing.com/?utm_campaign=gmb&utm_medium=organic&utm_source=gbp,4.9,"2203 Obenchain St, Dallas, TX 75208, United States"
roofing contractors in Dallas with emails,Low Cost Roofing Dallas,alowcostroofing@yahoo.com,+1 972-905-0444,http://alowcostroofingdallas.com/,5,
roofing contractors in Dallas with emails,Lon Smith Roofing,info@lonsmith.com,+1 214-221-1400,https://www.lonsmith.com/,4.6,"10821 Sanden Dr, Dallas, TX 75238, United States"
roofing contractors in Dallas with emails,United Roofing & General Contractors,info@unitedroofers.co,+1 888-863-8858,http://unitedroofers.co/,5,"325 North St. Paul Street Ste 2100, Dallas, TX 75201, United States"
roofing contractors in Dallas with emails,Priority Roofing,office@priorityroofs.com,+1 469-615-8193,https://priorityroofs.com/location/dallas/,5,"1420 W Mockingbird Ln Ste 540, Dallas, TX 75247, United States"
roofing contractors in Dallas with emails,Texas Premier Roofing,info@txpremierroofing.com,+1 888-858-9010,https://www.txpremierroofing.com/,5,"6500 Greenville Ave Ste 680, Dallas, TX 75206, United States"
roofing contractors in Dallas with emails,Built To Last Roofing,info@btolroofing.com,+1 469-364-8198,https://btolroofing.com/?utm_source=google&utm_medium=organic&utm_campaign=gmb-primary-link-dallas,4.9,"6537 Lyndon B Johnson Fwy, Dallas, TX 75240, United States"
plumbers in Phoenix with emails,The Aussie Plumber,office@theaussieplumber.com,+1 602-820-5551,https://www.theaussieplumber.com/,5,"4600 E Shea Blvd Ste 203, Phoenix, AZ 85028, United States"
plumbers in Phoenix with emails,"Robins Plumbing, Inc",info@robinsplumbing.com,+1 623-486-4657,https://www.robinsplumbing.com/,4.9,"2802 N 37th Ave, Phoenix, AZ 85009, United States"
plumbers in Phoenix with emails,Diamondback Plumbing,service@diamondbackplumbing.com,+1 602-428-0910,http://www.diamondbackplumbing.com/,4.5,"17423 N 25th Ave, Phoenix, AZ 85023, United States"
plumbers in Phoenix with emails,Pink Plumbing and Sewer,pinkplumbingandsewer@gmail.com,+1 602-562-5290,http://www.pinkplumbingandsewer.com/,4.9,"2375 E Camelback Rd #600, Phoenix, AZ 85016, United States"
plumbers in Phoenix with emails,Anthony's Plumbing,info@dayandnightair.com,+1 623-936-5400,https://www.dayandnightair.com/anthonysplumbing/?utm_source=Anthony%27s%20GMB%20redirect%20to%20DNT&utm_medium=Anthony%27s%20GMB&utm_campaign=redirect%20to%20DNT%20page,4.8,"1201 N 54th Ave #127, Phoenix, AZ 85043, United States"
plumbers in Phoenix with emails,Plumber Priority One Of Phoenix,plumbingpriorityone@gmail.com,+1 480-378-3970,https://plumbingpriorityone.com/plumberphoenix,5,"4028 N 7th St #154, Phoenix, AZ 85014, United States"
plumbers in Phoenix with emails,Elite Rooter Plumbers,service@eliterootermgt.com,+1 602-698-8959,https://www.eliterooter.com/location/phoenix/?utm_source=google&utm_medium=organic&utm_campaign=gmb,4.8,"319 E Watkins St, Phoenix, AZ 85004, United States"
plumbers in Phoenix with emails,"Any Hour Services - Electric, Plumbing, Heating & Air",ccr@anyhour.com,+1 602-649-4219,https://anyhourservices.com/arizona/,4.9,"3415 W Northern Ave, Phoenix, AZ 85051, United States"
plumbers in Phoenix with emails,Somers Plumbers - Phoenix Plumbing Company,somersplumbers@gmail.com,+1 480-568-2596,https://www.somersplumbers.net/,5,"14039 N 8th Pl, Phoenix, AZ 85022, United States"
plumbers in Phoenix with emails,All Aloha Plumbing Phoenix,leadssd@allalohaplumbing.com,+1 480-447-8153,https://www.callallaloha.com/phoenix/,4.8,"1615 W University Dr Ste 131, Tempe, AZ 85281, United States"
plumbers in Phoenix with emails,Simon's Plumbing,adem@provenmarketing.club,+1 602-739-4117,https://simonsplumbingaz.com/,5,"4512 E Kelton Ln, Phoenix, AZ 85032, United States"
electricians in Denver with emails,Denver Electricians,info@jumbo-electric.com,+1 303-951-8006,https://jumbo-electric.com/,5,"1093 S Federal Blvd, Denver, CO 80219, United States"
electricians in Denver with emails,Mr. Electric,web@mrelectriclittleton.com,+1 720-797-9982,https://www.mrelectriclittleton.com/electrician-denver-co-electrical-repair-services,5,"6795 E Tennessee Ave #401, Denver, CO 80224, United States"
electricians in Denver with emails,Premier Electricians Denver,binhcule119@gmail.com,+1 786-396-7259,https://premier-electricians-2.ueniweb.com/?utm_campaign=gmb,4.4,"1434 N Washington St, Denver, CO 80210, United States"
electricians in Denver with emails,CT Electrical Services,connect@ctelectricalco.com,+1 720-298-5891,https://ctelectricalco.com/?utm_source=googlebusinessprofile&utm_medium=organic,4.9,"12445 E 39th Ave #211, Denver, CO 80239, United States"
electricians in Denver with emails,"Absolute Plumbing, Electrical, Heating & Air",eaton-1@2x.jpg,+1 720-954-2939,https://absolutefix.com/service-area/denver/?utm_source=google-gbp&utm_medium=organic&utm_campaign=*4*absolute-electrical-commerce-city,4.8,"5590 Havana St Unit A, Denver, CO 80239, United States"
electricians in Denver with emails,JM Electric Inc.,dispatch@jmelectricinc.com,+1 303-500-1362,https://jmelectricinc.com/?utm_campaign=gmb&utm_source=gmb,4.9,"700 Billings St Ste R, Aurora, CO 80011, United States"
electricians in Denver with emails,JM Electric Inc.,dispatch@jmelectricinc.com,+1 303-732-8086,https://jmelectricinc.com/denver-electrician/?utm_campaign=gmb&utm_id=gbp&utm_source=denver,5,
electricians in Denver with emails,Electrician Denver CO,beckerelectrical@gmail.com,+1 303-990-3781,https://www.electriciansdenverco.com/,4.7,"9751 W 44th Ave Ste 106, Wheat Ridge, CO 80033, United States"
electricians in Denver with emails,The Electricians,info@theelectriciansco.com,+1 720-633-5937,https://www.theelectriciansco.com/?utm_source=google&utm_medium=organic&utm_campaign=gbp,4.9,"7076 S Alton Way Ste H-200, Centennial, CO 80112, United States"
electricians in Denver with emails,Applewood Plumbing Heating & Electric,custservice@applewoodfixit.com,+1 303-444-1633,https://www.applewoodfixit.com/,4.8,"5000 W 29th Ave, Denver, CO 80212, United States"
HVAC contractors in Atlanta with emails,Moncrief Heating & Air Conditioning,seo-img@2x.webp,+1 470-964-5141,https://www.moncriefair.com/?utm_source=google&utm_medium=organic&utm_campaign=GMBListing-Atlanta-GA,4.8,"935 Chattahoochee Ave NW, Atlanta, GA 30318, United States"
HVAC contractors in Atlanta with emails,Estes Services,wave3@2x.jpg,+1 404-366-9620,https://www.estesair.com/,4.9,"3981 Tradeport Blvd, Atlanta, GA 30354, United States"
HVAC contractors in Atlanta with emails,ATLANTA HVAC PROS,contact@atlantahvacpros.com,+1 404-962-0203,https://atlantahvacpros.com/,4.8,
HVAC contractors in Atlanta with emails,"PV Heating, Cooling & Plumbing",mobile-bg-texture@2x.jpg,+1 470-223-6782,http://www.pvhvac.com/,4.9,"3605 Clearview Pkwy, Atlanta, GA 30340, United States"
HVAC contractors in Atlanta with emails,Berry Good Heating and Air,customerservice@berrygoodheatingandair.com,+1 770-990-6809,https://berrygoodheatingandair.com/,4.7,
HVAC contractors in Atlanta with emails,Empire Heating & Air Conditioning,forms@empirehvac.com,+1 404-294-0900,https://empirehvac.com/?utm_source=GBP&utm_medium=organic&utm_campaign=Location+Link&utm_id=GBP+Link+Experiement,4.9,"783 Dekalb Industrial Way, Decatur, GA 30033, United States"
HVAC contractors in Atlanta with emails,INDOOR EXPERTS HEATING & AIR CONDITIONING,service@indoorexperts.com,+1 678-506-2226,https://www.indoorexperts.com/?utm_campaign=gmb,4.9,"390 Stovall St SE, Atlanta, GA 30316, United States"
HVAC contractors in Atlanta with emails,Maintenance Unlimited Heating & Cooling,info@maintenanceunlimitedheatingcooling.com,+1 404-454-2686,https://maintenanceunlimitedheatingcooling.com/,4.9,"1561 Virginia Ave, College Park, GA 30337, United States"
HVAC contractors in Atlanta with emails,Esquire Heating And Air,esquirehvac@gmail.com,+1 404-397-8224,http://www.esquirehvac.com/,4.9,"20 terminus pl ne 1107-a, Atlanta, GA 30305, United States"
HVAC contractors in Atlanta with emails,Innovative Mechanical LLC,you@someplace.com,+1 770-726-7407,https://innovativemechanicalllc.com/,4.9,"1700 Cumberland Point Dr Ste 17, Marietta, GA 30067, United States"
HVAC contractors in Atlanta with emails,Express Heating & Air Conditioning,expressacandheat@gmail.com,+1 404-822-6695,http://expressheatingandair.lovable.app/,4.9,"5619 Kingsport Dr, Atlanta, GA 30342, United States"
fence companies in Houston with emails,Texas Fence,sales@texasfence.com,+1 281-807-7900,https://texasfence.com/fence-services/residential/,4.7,"17226 Bamwood Rd, Houston, TX 77090, United States"
fence companies in Houston with emails,Houston Fence Company,houston-fence-company-logo-2@2x.png,+1 281-957-4260,https://www.houstonfence.com/,4.5,"6776 McHard Rd, Houston, TX 77053, United States"
fence companies in Houston with emails,"Griffin Fence | Fence Company in Houston, TX",sales@griffinfence.com,+1 713-673-8853,https://www.griffinfencehouston.com/?utm_campaign=gmb,4.6,"6307 Brittmoore Rd, Houston, TX 77041, United States"
fence companies in Houston with emails,Fencemaster Houston,info@fencemasterhouston.com,+1 713-692-2781,https://www.fencemasterhouston.com/,4.6,"11255 Eastex Fwy, Houston, TX 77093, United States"
fence companies in Houston with emails,3rd Coast Developers,john@3rdcoastdevelopers.com,+1 713-714-5991,http://www.3rdcoastdevelopers.com/,4.9,"5301 Polk St Bldg 14 Suite G2, Houston, TX 77023, United States"
fence companies in Houston with emails,AYMS Fence,sales@aymsfence.com,+1 281-623-6945,http://aymsfence.com/,4.9,"10333 Harwin Dr. Ste NO. 235 C, Houston, TX 77036, United States"
fence companies in Houston with emails,Ergeon,contact@ergeon.com,+1 713-425-1558,https://www.ergeon.com/fences/cities/harris-county-houston-tx/?utm_source=google&utm_medium=website&utm_campaign=GMB-brand&utm_location=houston,4.9,"15015 Westheimer Pkwy Ste D3-1010, Houston, TX 77082, United States"
fence companies in Houston with emails,Jb fences,jbfences4all@gmail.com,+1 832-566-3637,https://jbironandfencespro.com/,5,"6010 W 34th St unit N, Houston, TX 77092, United States"
fence companies in Houston with emails,GOAT Fence Company,cameron@goatfenceco.com,+1 713-294-1300,http://www.goatfenceco.com/,4.8,"6802 Sommerall Dr Unit-C, Houston, TX 77084, United States"
fence companies in Houston with emails,Kingdom Fence,info@kingdomfenceco.com,+1 281-575-2500,https://www.thekingdomfence.com/,4.9,"13701 Gainesville St, Houston, TX 77015, United States"
fence companies in Houston with emails,Superior Fence & Rail of West Houston,contact@superiorfenceandrail.com,+1 713-353-4151,https://www.superiorfenceandrail.com/west-houston/,4.6,"6039 Thomas Rd Bldg A, Houston, TX 77041, United States"
fence companies in Houston with emails,D-Fence Customs - Fence Company Houston,david@dfencecustoms.com,+1 832-367-3201,https://www.dfencecustoms.com/,5,"9615 Emery Hill Dr, Sugar Land, TX 77498, United States"
fence companies in Houston with emails,MD Fence Co,info@mdfenceco.com,+1 832-233-4570,https://mdfenceco.com/,4.9,"8913 Jackrabbit Rd, Houston, TX 77095, United States"
fence companies in Houston with emails,Alvarado Fencing Company,filler@godaddy.com,+1 832-814-2405,https://alvaradofencing.com/,4.8,
fence companies in Houston with emails,Houston Quality Fence,info@indiantypefoundry.com,+1 832-759-3821,http://www.houstonqualityfence.com/,4.9,"Rezanof Rd, Humble, TX 77338, United States"
fence companies in Houston with emails,Superior Fence & Rail of North Houston,contact@superiorfenceandrail.com,+1 832-848-0949,https://www.superiorfenceandrail.com/houston/?utm_source=gmb&utm_medium=location&utm_campaign=sfr-houston-gmb&utm_content=main-4-26-2021,4.8,"10965 TX-242, Conroe, TX 77385, United States"
