niche,name,address,rating,phone,website
coffee shops Austin TX,Terrible Love,"3908 Avenue B, Austin, TX 78751, United States",4.9,,
coffee shops Austin TX,Jo's Coffee – South Congress,"1300 S Congress Ave, Austin, TX 78704, United States",4.4,,
coffee shops Austin TX,Epoch Coffee,"221 W N Loop Blvd, Austin, TX 78751, United States",4.5,,
coffee shops Austin TX,Flora Coffee & Culture,"3300 W Anderson Ln. Ste 300, Austin, TX 78757, United States",4.9,,
coffee shops Austin TX,Klerje Coffee,"1614 E 6th St Apt 112, Austin, TX 78702, United States",4.8,,
coffee shops Austin TX,Hometown Coffee - East Austin,"1101 Springdale Rd, Austin, TX 78721, United States",4.9,,
coffee shops Austin TX,Idlewild Coffee,"1628 E Cesar Chavez St, Austin, TX 78702, United States",5,,
coffee shops Austin TX,Black Cat Coffee,"603 W Live Oak St, Austin, TX 78704, United States",5,,
coffee shops Austin TX,UFO Coffee & Tea,"2307 1/2 Manor Rd, Austin, TX 78722, United States",4.9,,
coffee shops Austin TX,Neon Belly Coffee & Bakery,"8312 Burnet Rd Unit 101, Austin, TX 78757, United States",4.8,,
coffee shops Austin TX,Merfolk’s Specialty Coffee,"4930 S Congress Ave Ste 304c, Austin, TX 78745, United States",4.7,,
coffee shops Austin TX,Spokesman Coffee,"440 E St Elmo Rd A2, Austin, TX 78745, United States",4.7,,
coffee shops Austin TX,Odd Roots Coffee,"9600 Old Lockhart Rd, Austin, TX 78747, United States",4.9,,
coffee shops Austin TX,Funky Sol Coffee,"517 S Lamar Blvd, Austin, TX 78704, United States",4.8,,
coffee shops Austin TX,BRB Coffee,"3501 Guadalupe St, Austin, TX 78705, United States",5,,
coffee shops Austin TX,The Brew and Brew,"500 San Marcos St #105, Austin, TX 78702, United States",4.5,,
coffee shops Austin TX,Mozart's Coffee Roasters,"3825 Lake Austin Blvd, Austin, TX 78703, United States",4.5,,
coffee shops Austin TX,Fleet Coffee,"2427 Webberville Rd, Austin, TX 78702, United States",4.7,,
coffee shops Austin TX,Noble Joe Coffee Co.,"Southshore Eatery Food Truck Park, 1620 E Riverside Dr, Austin, TX 78741, United States",4.8,,
coffee shops Austin TX,Figure 8 Coffee Purveyors Cafe & Roastery,"1111 Chicon St, Austin, TX 78702, United States",4.7,,
plumbers New York City,Plumbing NYC,"510 W 45th St Apt 11g, New York, NY 10036, United States",4.8,,
plumbers New York City,Same Day Plumbing NYC Manhattan,"255 W 11th St, New York, NY 10014, United States",5,,
plumbers New York City,A&E NYC Plumbing,"40 Fulton St, New York, NY 10038, United States",5,,
plumbers New York City,24/7 Manhattan Plumbing NYC,"3441 Broadway, New York, NY 10031, United States",4.4,,
plumbers New York City,NYC Plumbing Services /Mentor Mechanical,"319 E 75th St, New York, NY 10021, United States",5,,
plumbers New York City,Rite Plumbing & Heating Inc,"750 Lexington Ave 9th floor, New York, NY 10022, United States",4.5,,
plumbers New York City,RR Plumbing Roto-Rooter,"450 7th Ave Ste B, New York, NY 10123, United States",4.8,,
plumbers New York City,Hub Plumbing & Heating,"103 Charles St, New York, NY 10014, United States",4.6,,
plumbers New York City,Brooklyn Plumbers,"300 Cadman Plz W, Brooklyn Heights, NY 11201, United States",5,,
plumbers New York City,NYC Quality Plumbing,"885 6th Ave, New York, NY 10001, United States",4.7,,
plumbers New York City,LZ Manhattan Plumbing New York,"3060 NY-2200 Frederick Douglass Blvd, New York, NY 10026, United States",4.6,,
plumbers New York City,Unclog NYC,"30 Broad St 14th floor, New York, NY 10004, United States",4.4,,
plumbers New York City,Pemati Plumbing Services LLC,"888 8th Ave #3T, New York, NY 10019, United States",4.9,,
plumbers New York City,24 Hr. Emergency Plumbing & Hot Water Heater,"80 Fenimore St, Brooklyn, NY 11225, United States",4.9,,
plumbers New York City,"Empire NYC Plumbers, Drain & Sewer Cleaning","537 W 150th St, New York, NY 10031, United States",5,,
plumbers New York City,Nyc Plumbing Solutions,"614 49th St, Brooklyn, NY 11220, United States",4.9,,
plumbers New York City,Plumbing NYC Contractor,"88 E 111th St Ste 168, New York, NY 10029, United States",5,,
plumbers New York City,Aladdin Plumbing Corp.,,4.9,,
plumbers New York City,Astoria Plumbers,"30-96 32nd St, Long Island City, NY 11102, United States",4.7,,
plumbers New York City,WaterHouse Plumbing Company,"171 Attorney St, New York, NY 10002, United States",5,,
dentists Los Angeles CA,Happy Smiles,"1655 S Western Ave Ste C, Los Angeles, CA 90006, United States",4.9,,
dentists Los Angeles CA,Smile L.A. Downtown Modern Dentistry,"523 W 6th St #202, Los Angeles, CA 90014, United States",4.9,,
dentists Los Angeles CA,Downtown Dental,"255 S Grand Ave Ste 204, Los Angeles, CA 90012, United States",4.6,,
dentists Los Angeles CA,West Coast Dental of Los Angeles,"2604 S Vermont Ave Ste F, Los Angeles, CA 90007, United States",3.5,,
dentists Los Angeles CA,Larchmont Dental Associates,"581 N Larchmont Blvd, Los Angeles, CA 90004, United States",5,,
dentists Los Angeles CA,Smile Recreation Dentistry by Dr. Baseri,"6221 Wilshire Blvd #517, Los Angeles, CA 90048, United States",4.7,,
dentists Los Angeles CA,EMERGENCY DENTIST - Amigos Dental for Kids & Adults (24/7 urgent dentist),"274 1/2 S Rampart Blvd, Los Angeles, CA 90057, United States",5,,
dentists Los Angeles CA,Washington Dental | Los Angeles Dentist,"1005 E Washington Blvd B, Los Angeles, CA 90021, United States",4.7,,
dentists Los Angeles CA,Studio Smiles,"5114 Venice Blvd., Los Angeles, CA 90019, United States",4.8,,
dentists Los Angeles CA,California Family Dental Center,"4080 Whittier Blvd, Los Angeles, CA 90023, United States",4.5,,
dentists Los Angeles CA,Hoover Dental Center,"1717 S Hoover St Ste 105, Los Angeles, CA 90006, United States",4.9,,
dentists Los Angeles CA,Restore Dental,"2002 S Hoover St, Los Angeles, CA 90007, United States",4.7,,
dentists Los Angeles CA,California Dental Group Los Angeles,"4701 N Eagle Rock Blvd, Los Angeles, CA 90041, United States",4.9,,
dentists Los Angeles CA,Union Dental Center,"1517 W 6th St, Los Angeles, CA 90017, United States",4.9,,
dentists Los Angeles CA,Healing Dental Care,"680 Wilshire Pl #411, Los Angeles, CA 90005, United States",4.9,,
dentists Los Angeles CA,LA Dental Clinic,"3377 Wilshire Blvd #202, Los Angeles, CA 90010, United States",4.7,,
dentists Los Angeles CA,Comfort Dental Center - Los Angeles,"3734 Crenshaw Blvd, Los Angeles, CA 90016, United States",4.8,,
dentists Los Angeles CA,The Melrose Dentist,"4852 Melrose Ave, Los Angeles, CA 90029, United States",4.7,,
dentists Los Angeles CA,Vernon Family Dental,"968 W Vernon Ave, Los Angeles, CA 90037, United States",4.9,,
dentists Los Angeles CA,Samaritan Dental Arts,"1127 Wilshire Blvd #914, Los Angeles, CA 90017, United States",4.9,,
gyms Denver CO,THE Athletic Club,"1849 Curtis Street, Denver, CO 80202, United States",4.9,,
gyms Denver CO,24 Hour Fitness,"Colorado Plaza, 4120 E Alameda Ave, Denver, CO 80246, United States",4.1,,
gyms Denver CO,Club Form Denver,"1125 17th St B, Denver, CO 80202, United States",4.8,,
gyms Denver CO,24 Hour Fitness,"7600 E Academy Blvd, Denver, CO 80230, United States",4,,
gyms Denver CO,Denver Gym & Fitness,"Denver Gym and Fitness, 636 S Broadway, Denver, CO 80209, United States",4.6,,
gyms Denver CO,Chuze Fitness,"2253 S Monaco St Pkwy, Denver, CO 80222, United States",4.2,,
gyms Denver CO,Fitness in the City - FITC Denver,"1212 Delaware St, Denver, CO 80204, United States",4.9,,
gyms Denver CO,Rocky Mountain Flex Fitness,"900 W 1st Ave #150, Denver, CO 80223, United States",4.9,,
gyms Denver CO,LoHi Athletic Club,"2010 W 30th Ave, Denver, CO 80211, United States",4.5,,
gyms Denver CO,24 Hour Fitness,"4600 W 38th Ave, Denver, CO 80212, United States",3.8,,
gyms Denver CO,The Denver Athletic Club,"1325 Glenarm Pl, Denver, CO 80204, United States",4.4,,
gyms Denver CO,The Gym Colorado,"2954 Havana St, Denver, CO 80238, United States",5,,
gyms Denver CO,The FIIT co.,"2110 Market St, Denver, CO 80205, United States",4.9,,
gyms Denver CO,Pearl Street Fitness,"1107 S Pearl St, Denver, CO 80210, United States",5,,
gyms Denver CO,Colfax Strong Strength & Conditioning,"1516 Emerson St, Denver, CO 80218, United States",4.9,,
gyms Denver CO,Anytime Fitness,"1244 E Colfax Ave, Denver, CO 80218, United States",4.8,,
gyms Denver CO,EGYM Fitness Denver,"1920 17th St Suite B, Denver, CO 80202, United States",4.9,,
gyms Denver CO,Green Door Fitness,"2404 E Colfax Ave, Denver, CO 80206, United States",4.9,,
gyms Denver CO,Genesis Health Clubs-Tabor Center,"1201 16th St Mall Ste 300, Denver, CO 80202, United States",3.6,,
gyms Denver CO,Fit Collective Denver,"3857 Steele St #1182, Denver, CO 80205, United States",5,,
lawyers Boston MA,Morgan & Morgan,"155 Federal St #1502, Boston, MA 02110, United States",4.6,,
lawyers Boston MA,"Law Offices of Brett Levy, PC","58 Winter St, Boston, MA 02108, United States",4.9,,
lawyers Boston MA,Jeffrey Glassman Injury Lawyers,"1 International Pl #1810, Boston, MA 02110, United States",4.9,,
lawyers Boston MA,Schulze Law,"100 Pier 4 Blvd., Boston, MA 02210, United States",5,,
lawyers Boston MA,Jason Stone Injury Lawyers,"225 Friend St #301, Boston, MA 02114, United States",4.8,,
lawyers Boston MA,Serpa Law Office,"20 Park Plaza #400A, Boston, MA 02116, United States",5,,
lawyers Boston MA,Simons Law Office,"53 State St Ste 500, Boston, MA 02109, United States",5,,
lawyers Boston MA,Michael Kelly Injury Lawyers,"65A Atlantic Ave, Boston, MA 02110, United States",4.9,,
lawyers Boston MA,Law Offices of Stephen Neyman Criminal Lawyers,"10 Tremont St #602, Boston, MA 02108, United States",5,,
lawyers Boston MA,Sweeney Merrigan Personal Injury Lawyers,"268 Summer St LL, Boston, MA 02210, United States",4.9,,
lawyers Boston MA,"EJ Schneider, Esq. at Dalton & Finegold LLP","125 High St Ste 405, Boston, MA 02110, United States",5,,
lawyers Boston MA,Altman Nussbaum Shunnarah Trial Attorneys,"44 School St Rm 350, Boston, MA 02108, United States",4.9,,
lawyers Boston MA,Maura Greene Law Group,"6 Beacon St #925, Boston, MA 02108, United States",4.6,,
lawyers Boston MA,Yannetti Criminal Defense Law Firm,"44 School St #1000a, Boston, MA 02108, United States",4.9,,
lawyers Boston MA,DiBella Law Injury and Accident Lawyers,"659 Massachusetts Ave Ste C, Boston, MA 02118, United States",5,,
lawyers Boston MA,"Joel H. Schwartz, P.C.","1 Washington Mall #16, Boston, MA 02108, United States",4.9,,
lawyers Boston MA,Mass Injury Group Injury and Accident Attorneys,"15 Broad St #800, Boston, MA 02109, United States",4.9,,
lawyers Boston MA,Markey Law Partners - Restraining Order Lawyers,"142 Commercial St # C2, Boston, MA 02109, United States",5,,
lawyers Boston MA,Law Offices of Samuel A. Segal,"111 Beach St Unit 1, Boston, MA 02111, United States",4.8,,
lawyers Boston MA,"Law Office Of Frank Fernandez, Esq.","185 Devonshire St Suite 302, Boston, MA 02110, United States",4.8,,
